Sigma_1,Sigma_2,Corr_Coeff,Rel_Error
0.5,0.5,0.0,0.023522752920241974
0.5,0.5,0.0,0.008531196876026275
0.5,0.5,0.0,0.012149229965099295
0.5,0.5,0.0,0.017218573657608843
0.5,0.5,0.0,0.02531230408468522
0.5,0.5,0.0,0.021606279220609155
0.5,0.5,0.0,0.0491829758561141
0.5,0.5,0.0,0.021901374813691043
0.5,0.5,0.0,0.017558857762737527
0.5,0.5,0.0,0.030099104486831986
0.5,0.5,0.0,0.0395962707018721
0.5,0.5,0.0,0.025685471096004015
0.5,0.5,0.0,0.04687559606262901
0.5,0.5,0.0,0.015105324452241501
0.5,0.5,0.0,0.021149305773886493
0.5,0.5,0.0,0.025192593816280303
0.5,0.5,0.0,0.08492219243171921
0.5,0.5,0.0,0.0362814675862623
0.5,0.5,0.0,0.02283633501778379
0.5,0.5,0.0,0.0075592699748585485
0.5,0.5,0.0,0.016365133131854708
0.5,0.5,0.0,0.014886368402990471
0.5,0.5,0.0,0.046558337563066134
0.5,0.5,0.0,0.023965987555144487
0.5,0.5,0.0,0.014090431891875258
1.0,0.5,0.0,0.01663503437358452
1.0,0.5,0.0,0.005996042036783031
1.0,0.5,0.0,0.017258714433438866
1.0,0.5,0.0,0.0029131940232913493
1.0,0.5,0.0,0.006591807369476657
1.0,0.5,0.0,0.00829195985695593
1.0,0.5,0.0,0.007703817284138606
1.0,0.5,0.0,0.0035332408895215224
1.0,0.5,0.0,0.008453211596705729
1.0,0.5,0.0,0.0032617818467651077
1.0,0.5,0.0,0.006105662185728257
1.0,0.5,0.0,0.004173229604199444
1.0,0.5,0.0,0.004798051267471483
1.0,0.5,0.0,0.007362518183536852
1.0,0.5,0.0,0.00921549346114434
1.0,0.5,0.0,0.00651498219374337
1.0,0.5,0.0,0.008982796946375063
1.0,0.5,0.0,0.003905731888154273
1.0,0.5,0.0,0.008471643973605829
1.0,0.5,0.0,0.004002467614949191
1.0,0.5,0.0,0.010868998134595926
1.0,0.5,0.0,0.008937448002037138
1.0,0.5,0.0,0.010646238242901505
1.0,0.5,0.0,0.006837472313142191
1.0,0.5,0.0,0.029598555365882673
2.0,0.5,0.0,0.04555760706529954
2.0,0.5,0.0,0.007902067249386312
2.0,0.5,0.0,0.007932812298709868
2.0,0.5,0.0,0.03114863926104615
2.0,0.5,0.0,0.021254954659944647
2.0,0.5,0.0,0.03005222823377079
2.0,0.5,0.0,0.011944578406297065
2.0,0.5,0.0,0.017387138359745577
2.0,0.5,0.0,0.019437222471632952
2.0,0.5,0.0,0.04064986676533478
2.0,0.5,0.0,0.05652639736339491
2.0,0.5,0.0,0.014834093273567895
2.0,0.5,0.0,0.011415913594609688
2.0,0.5,0.0,0.005923195922249797
2.0,0.5,0.0,0.010553707174413628
2.0,0.5,0.0,0.01547691463783952
2.0,0.5,0.0,0.015394370130287889
2.0,0.5,0.0,0.010210474182918636
2.0,0.5,0.0,0.014180319839516677
2.0,0.5,0.0,0.044158307437374145
2.0,0.5,0.0,0.005755064476834707
2.0,0.5,0.0,0.004495619618973532
2.0,0.5,0.0,0.03144875081788705
2.0,0.5,0.0,0.008771075190342922
2.0,0.5,0.0,0.016930578664214588
3.0,0.5,0.0,0.04984590042195452
3.0,0.5,0.0,0.45486689352206894
3.0,0.5,0.0,0.10010780803895959
3.0,0.5,0.0,0.9999853004632872
3.0,0.5,0.0,0.06926747978198759
3.0,0.5,0.0,0.9996880511042437
3.0,0.5,0.0,0.17243614439622496
3.0,0.5,0.0,0.2459225971070445
3.0,0.5,0.0,0.9998938969024908
3.0,0.5,0.0,0.9995116762951041
3.0,0.5,0.0,0.9999935523639097
3.0,0.5,0.0,0.9990840924665108
3.0,0.5,0.0,0.25191711220827256
3.0,0.5,0.0,0.9999351893231373
3.0,0.5,0.0,0.06862093984522324
3.0,0.5,0.0,0.3494475652128435
3.0,0.5,0.0,0.9850636149648944
3.0,0.5,0.0,0.9524539548534301
3.0,0.5,0.0,0.07613182720526693
3.0,0.5,0.0,0.9998751838977482
3.0,0.5,0.0,0.9999999838667153
3.0,0.5,0.0,0.25923114785975787
3.0,0.5,0.0,0.9909509913007984
3.0,0.5,0.0,0.3076681991388829
3.0,0.5,0.0,0.9898558128482119
0.5,1.0,0.0,0.9984149018961521
0.5,1.0,0.0,0.9987323823583588
0.5,1.0,0.0,0.9998847455457656
0.5,1.0,0.0,0.9999756362900967
0.5,1.0,0.0,0.9999679018746708
0.5,1.0,0.0,0.9997002511080898
0.5,1.0,0.0,0.999918751528102
0.5,1.0,0.0,0.9997442670399703
0.5,1.0,0.0,0.9999683896197714
0.5,1.0,0.0,0.9999927045351509
0.5,1.0,0.0,0.9999334973746218
0.5,1.0,0.0,0.9999447720055655
0.5,1.0,0.0,0.9997537478335842
0.5,1.0,0.0,0.9998652490478622
0.5,1.0,0.0,0.2435680792835513
0.5,1.0,0.0,0.9999967899953979
0.5,1.0,0.0,0.999773656257466
0.5,1.0,0.0,0.9999554932341407
0.5,1.0,0.0,0.9999990080531731
0.5,1.0,0.0,0.999761023296687
0.5,1.0,0.0,0.9999573851774212
0.5,1.0,0.0,0.9994994575766026
0.5,1.0,0.0,0.37137985208875246
0.5,1.0,0.0,0.9860027847559181
0.5,1.0,0.0,0.9999984970454022
1.0,1.0,0.0,0.9999051344118428
1.0,1.0,0.0,0.026314066440447394
1.0,1.0,0.0,0.9981987809733246
1.0,1.0,0.0,0.005680124771422392
1.0,1.0,0.0,0.022051934714354512
1.0,1.0,0.0,0.13769205242256558
1.0,1.0,0.0,0.1147123835974008
1.0,1.0,0.0,0.01359676773011049
1.0,1.0,0.0,0.9999769115088973
1.0,1.0,0.0,0.10602693288807746
1.0,1.0,0.0,0.9943698394643198
1.0,1.0,0.0,0.15545100786439833
1.0,1.0,0.0,0.007731923040166
1.0,1.0,0.0,0.04000036200746693
1.0,1.0,0.0,0.9999055361167595
1.0,1.0,0.0,0.9984577325943506
1.0,1.0,0.0,0.9994211418991449
1.0,1.0,0.0,0.9998498162277346
1.0,1.0,0.0,0.9999682844096356
1.0,1.0,0.0,0.9986172061337578
1.0,1.0,0.0,0.13288109790555205
1.0,1.0,0.0,0.149517605659212
1.0,1.0,0.0,0.7538079141602653
1.0,1.0,0.0,0.06125583948902613
1.0,1.0,0.0,0.7654566126986162
2.0,1.0,0.0,0.9717946237726469
2.0,1.0,0.0,0.9982143349355216
2.0,1.0,0.0,0.05176042790418474
2.0,1.0,0.0,0.9879434488307095
2.0,1.0,0.0,0.06655679894291532
2.0,1.0,0.0,0.1766489725902614
2.0,1.0,0.0,0.06527201387035746
2.0,1.0,0.0,0.995287372418354
2.0,1.0,0.0,0.9950674902837368
2.0,1.0,0.0,0.07965359445107177
2.0,1.0,0.0,0.07963254254075582
2.0,1.0,0.0,0.12212631740984077
2.0,1.0,0.0,0.11754180631094194
2.0,1.0,0.0,0.9380484873130952
2.0,1.0,0.0,0.04452946773748482
2.0,1.0,0.0,0.039072014538074205
2.0,1.0,0.0,0.2568875495260039
2.0,1.0,0.0,0.13602092332409277
2.0,1.0,0.0,0.14720082588207473
2.0,1.0,0.0,0.02141578467285052
2.0,1.0,0.0,0.008729944948925972
2.0,1.0,0.0,0.8749856716734509
2.0,1.0,0.0,0.06899868297629631
2.0,1.0,0.0,0.05281540540392605
2.0,1.0,0.0,0.9815599171253675
3.0,1.0,0.0,0.0707229649006513
3.0,1.0,0.0,0.07840962984534418
3.0,1.0,0.0,0.7312629857898724
3.0,1.0,0.0,0.09739508056996522
3.0,1.0,0.0,0.9999882836376215
3.0,1.0,0.0,0.02764372645170556
3.0,1.0,0.0,0.041152628630184665
3.0,1.0,0.0,0.021822682624216126
3.0,1.0,0.0,0.031238297653685874
3.0,1.0,0.0,0.9992090063146951
3.0,1.0,0.0,0.7640259077160633
3.0,1.0,0.0,0.0038349698744034877
3.0,1.0,0.0,0.06806488498001183
3.0,1.0,0.0,0.03069318113210429
3.0,1.0,0.0,0.15969005046459464
3.0,1.0,0.0,0.20326600398957026
3.0,1.0,0.0,0.7731903839885197
3.0,1.0,0.0,0.04637570521734444
3.0,1.0,0.0,0.18361904855509054
3.0,1.0,0.0,0.16413451511404312
3.0,1.0,0.0,0.02462463533261785
3.0,1.0,0.0,0.0496361720775603
3.0,1.0,0.0,0.029955758809433585
3.0,1.0,0.0,0.008812003259442347
3.0,1.0,0.0,0.013134049880953761
0.5,2.0,0.0,0.9995788935052128
0.5,2.0,0.0,0.9999674506267552
0.5,2.0,0.0,0.999984021980313
0.5,2.0,0.0,0.9993701891659573
0.5,2.0,0.0,0.9994224915527037
0.5,2.0,0.0,0.9950805512373659
0.5,2.0,0.0,0.9990695133909648
0.5,2.0,0.0,0.999645028489909
0.5,2.0,0.0,0.9999558687977714
0.5,2.0,0.0,0.9996831611643947
0.5,2.0,0.0,0.9999989082947753
0.5,2.0,0.0,0.999787296210194
0.5,2.0,0.0,0.9997460440275597
0.5,2.0,0.0,0.9998861964187847
0.5,2.0,0.0,0.9999956558377775
0.5,2.0,0.0,0.9999520681342597
0.5,2.0,0.0,0.9998921773924296
0.5,2.0,0.0,0.9999987569669688
0.5,2.0,0.0,0.9999992806115567
0.5,2.0,0.0,0.9992516808628665
0.5,2.0,0.0,0.9994583088844864
0.5,2.0,0.0,0.9996502632185428
0.5,2.0,0.0,0.9992397270007183
0.5,2.0,0.0,0.9965428834107982
0.5,2.0,0.0,0.9998006397097161
1.0,2.0,0.0,0.9999717004345574
1.0,2.0,0.0,0.999960328035131
1.0,2.0,0.0,0.9998032717656012
1.0,2.0,0.0,0.9998549379887226
1.0,2.0,0.0,0.9999677250331761
1.0,2.0,0.0,0.999989163666052
1.0,2.0,0.0,0.9999619959484116
1.0,2.0,0.0,0.9999778402350807
1.0,2.0,0.0,0.9984061099823747
1.0,2.0,0.0,0.9998697139982236
1.0,2.0,0.0,0.9999218390298499
1.0,2.0,0.0,0.9999525362102283
1.0,2.0,0.0,0.9997842749386582
1.0,2.0,0.0,0.9999979465276838
1.0,2.0,0.0,0.9999143556776248
1.0,2.0,0.0,0.9995720253560145
1.0,2.0,0.0,0.2520326787463136
1.0,2.0,0.0,0.9965769554166833
1.0,2.0,0.0,0.9993432230830591
1.0,2.0,0.0,0.26814159435375157
1.0,2.0,0.0,0.9995751208765392
1.0,2.0,0.0,0.9998744185755147
1.0,2.0,0.0,0.9993529143723632
1.0,2.0,0.0,0.9999994318541227
1.0,2.0,0.0,0.999996724806501
2.0,2.0,0.0,0.1347534124919924
2.0,2.0,0.0,0.14509241029874304
2.0,2.0,0.0,0.08325258371119908
2.0,2.0,0.0,0.054814187494583125
2.0,2.0,0.0,0.12013535472921477
2.0,2.0,0.0,0.0903226373314024
2.0,2.0,0.0,0.9942224512975927
2.0,2.0,0.0,0.039907707598221424
2.0,2.0,0.0,0.07345889743468899
2.0,2.0,0.0,0.037423820193203026
2.0,2.0,0.0,0.3270499247768747
2.0,2.0,0.0,0.28401590642582447
2.0,2.0,0.0,0.28748691669630727
2.0,2.0,0.0,0.08644918103984432
2.0,2.0,0.0,0.982197514952567
2.0,2.0,0.0,0.16307312215228106
2.0,2.0,0.0,0.9952722009654206
2.0,2.0,0.0,0.9001868844928201
2.0,2.0,0.0,0.19169740952661937
2.0,2.0,0.0,0.443151386205709
2.0,2.0,0.0,0.021953545508037253
2.0,2.0,0.0,0.999989676012369
2.0,2.0,0.0,0.031168155179729783
2.0,2.0,0.0,0.023495613782427646
2.0,2.0,0.0,0.02522100888116405
3.0,2.0,0.0,0.22314411802525208
3.0,2.0,0.0,0.08987963965160597
3.0,2.0,0.0,0.04559102856253831
3.0,2.0,0.0,0.2112742759343144
3.0,2.0,0.0,0.9985786523257875
3.0,2.0,0.0,0.04711868771277316
3.0,2.0,0.0,0.8813770782258922
3.0,2.0,0.0,0.2373636456626829
3.0,2.0,0.0,0.5313421157290183
3.0,2.0,0.0,0.014642164665638552
3.0,2.0,0.0,0.5279488590795893
3.0,2.0,0.0,0.3825972541925833
3.0,2.0,0.0,0.9746306966879764
3.0,2.0,0.0,0.028651278982945002
3.0,2.0,0.0,0.3212629356992126
3.0,2.0,0.0,0.9661474082150383
3.0,2.0,0.0,0.7677326954948178
3.0,2.0,0.0,0.9373320764917742
3.0,2.0,0.0,0.7605978496098372
3.0,2.0,0.0,0.04180292462341542
3.0,2.0,0.0,0.48810842280343786
3.0,2.0,0.0,0.696588554675346
3.0,2.0,0.0,0.15494404804918313
3.0,2.0,0.0,0.3995537126994532
3.0,2.0,0.0,0.9855479645141915
0.5,3.0,0.0,0.9998028510513469
0.5,3.0,0.0,0.9998010495790652
0.5,3.0,0.0,0.9999633274829494
0.5,3.0,0.0,0.9999519840986508
0.5,3.0,0.0,0.9999996465744286
0.5,3.0,0.0,0.9995747909463502
0.5,3.0,0.0,0.9826987048383592
0.5,3.0,0.0,0.0847309519073731
0.5,3.0,0.0,0.9995008207274877
0.5,3.0,0.0,0.9946114665075656
0.5,3.0,0.0,0.17943828563340095
0.5,3.0,0.0,0.9997185881249401
0.5,3.0,0.0,0.2611500937060088
0.5,3.0,0.0,0.9999842803498162
0.5,3.0,0.0,0.7571670529488217
0.5,3.0,0.0,0.9769560576036128
0.5,3.0,0.0,0.17383620410144587
0.5,3.0,0.0,0.9920171710422854
0.5,3.0,0.0,0.9998828321049946
0.5,3.0,0.0,0.9998752716077981
0.5,3.0,0.0,0.999999996312379
0.5,3.0,0.0,0.9997382723395072
0.5,3.0,0.0,0.9999849149804313
0.5,3.0,0.0,0.9998047723983893
0.5,3.0,0.0,0.9999630112823408
1.0,3.0,0.0,0.9988626476437104
1.0,3.0,0.0,0.9999833785569435
1.0,3.0,0.0,0.9991595298949694
1.0,3.0,0.0,0.015595642820528959
1.0,3.0,0.0,0.03449765999094524
1.0,3.0,0.0,0.01841211153810445
1.0,3.0,0.0,0.00958454483426062
1.0,3.0,0.0,0.06088573643030272
1.0,3.0,0.0,0.018667025776899018
1.0,3.0,0.0,0.019245879048689914
1.0,3.0,0.0,0.028248077312437662
1.0,3.0,0.0,0.07946349482932678
1.0,3.0,0.0,0.01947493388817503
1.0,3.0,0.0,0.03330300598824875
1.0,3.0,0.0,0.19103013790765522
1.0,3.0,0.0,0.02527386621919401
1.0,3.0,0.0,0.19938452463216177
1.0,3.0,0.0,0.2508879693822891
1.0,3.0,0.0,0.0728168115882881
1.0,3.0,0.0,0.0794559750354381
1.0,3.0,0.0,0.029955616538732986
1.0,3.0,0.0,0.1948428233072622
1.0,3.0,0.0,0.03899659299379399
1.0,3.0,0.0,0.06236970853643693
1.0,3.0,0.0,0.0772353784384868
2.0,3.0,0.0,0.8824863619899268
2.0,3.0,0.0,0.9638226352965306
2.0,3.0,0.0,0.9995014778034798
2.0,3.0,0.0,0.9919688974569415
2.0,3.0,0.0,0.9998894046355503
2.0,3.0,0.0,0.9999379921541958
2.0,3.0,0.0,0.9993026071704241
2.0,3.0,0.0,0.9995024269132606
2.0,3.0,0.0,0.9904623929914899
2.0,3.0,0.0,0.9997735936624733
2.0,3.0,0.0,0.9998986496820645
2.0,3.0,0.0,0.9894153923737291
2.0,3.0,0.0,0.9999996311872412
2.0,3.0,0.0,0.980654107972967
2.0,3.0,0.0,0.51041680538668
2.0,3.0,0.0,0.9973743181471798
2.0,3.0,0.0,0.98605370618814
2.0,3.0,0.0,0.9986582014559481
2.0,3.0,0.0,0.8430862962931529
2.0,3.0,0.0,0.995054331508004
2.0,3.0,0.0,0.9954386624308429
2.0,3.0,0.0,0.9195308461391555
2.0,3.0,0.0,0.980945115323016
2.0,3.0,0.0,0.3730475903022251
2.0,3.0,0.0,0.9978131496460149
3.0,3.0,0.0,0.992422635813038
3.0,3.0,0.0,0.04968766030675841
3.0,3.0,0.0,0.9945879031691263
3.0,3.0,0.0,0.030615482484096
3.0,3.0,0.0,0.9989240277006333
3.0,3.0,0.0,0.9999385202681792
3.0,3.0,0.0,0.9963414109140663
3.0,3.0,0.0,0.9998281393558761
3.0,3.0,0.0,0.8080484103300595
3.0,3.0,0.0,0.016201158353016006
3.0,3.0,0.0,0.9860334742688595
3.0,3.0,0.0,0.35501937443590975
3.0,3.0,0.0,0.5404272796772874
3.0,3.0,0.0,0.008624377534053903
3.0,3.0,0.0,0.2703497995949384
3.0,3.0,0.0,0.04679479173217148
3.0,3.0,0.0,0.15389041725496497
3.0,3.0,0.0,0.9998465795920685
3.0,3.0,0.0,0.8994690137321233
3.0,3.0,0.0,0.005895734170492427
3.0,3.0,0.0,0.022707909181759613
3.0,3.0,0.0,0.12108115502619787
3.0,3.0,0.0,0.06067568808901377
3.0,3.0,0.0,0.9998864926016603
3.0,3.0,0.0,0.9992920846182736
0.5,0.5,0.25,0.01211895662097007
0.5,0.5,0.25,0.009452198655431511
0.5,0.5,0.25,0.002329463388949282
0.5,0.5,0.25,0.007625193846316899
0.5,0.5,0.25,0.020990263449521727
0.5,0.5,0.25,0.007185941544101127
0.5,0.5,0.25,0.006701662845046122
0.5,0.5,0.25,0.00926785158458456
0.5,0.5,0.25,0.007574341762066265
0.5,0.5,0.25,0.007058770335689918
0.5,0.5,0.25,0.011913145311181645
0.5,0.5,0.25,0.014152008847236759
0.5,0.5,0.25,0.009912652867753079
0.5,0.5,0.25,0.012064408610667552
0.5,0.5,0.25,0.0053808325607322145
0.5,0.5,0.25,0.015096899503758855
0.5,0.5,0.25,0.006138897766092053
0.5,0.5,0.25,0.01218419815308587
0.5,0.5,0.25,0.004938726669884256
0.5,0.5,0.25,0.003336407969083101
0.5,0.5,0.25,0.010921224422896494
0.5,0.5,0.25,0.008021201443534253
0.5,0.5,0.25,0.010981788343718176
0.5,0.5,0.25,0.008646559248820337
0.5,0.5,0.25,0.016161917916249068
1.0,0.5,0.25,0.0049030752265127415
1.0,0.5,0.25,0.01292047449808218
1.0,0.5,0.25,0.003975965484102419
1.0,0.5,0.25,0.011634239060549665
1.0,0.5,0.25,0.009473630195505015
1.0,0.5,0.25,0.01178595134338621
1.0,0.5,0.25,0.007566333766340887
1.0,0.5,0.25,0.01968214684343341
1.0,0.5,0.25,0.008966137392758112
1.0,0.5,0.25,0.009846955979032382
1.0,0.5,0.25,0.011498721448735651
1.0,0.5,0.25,0.004142921509831411
1.0,0.5,0.25,0.009345954680036158
1.0,0.5,0.25,0.018416205645431002
1.0,0.5,0.25,0.020784156805157352
1.0,0.5,0.25,0.006637430833616551
1.0,0.5,0.25,0.016100898177751594
1.0,0.5,0.25,0.0078045876935859335
1.0,0.5,0.25,0.006158692994999522
1.0,0.5,0.25,0.006298590469653421
1.0,0.5,0.25,0.00562548994185683
1.0,0.5,0.25,0.0065739986824224295
1.0,0.5,0.25,0.01964283485953339
1.0,0.5,0.25,0.010511219140160958
1.0,0.5,0.25,0.018779679654498532
2.0,0.5,0.25,0.1578806513083224
2.0,0.5,0.25,0.12347879394173517
2.0,0.5,0.25,0.12914840438257272
2.0,0.5,0.25,0.06725850702299452
2.0,0.5,0.25,0.02485164380897173
2.0,0.5,0.25,0.010877480436532225
2.0,0.5,0.25,0.006932303135395314
2.0,0.5,0.25,0.19471477100720605
2.0,0.5,0.25,0.04536055657350058
2.0,0.5,0.25,0.06875627758795501
2.0,0.5,0.25,0.09569182502324229
2.0,0.5,0.25,0.042285665756093264
2.0,0.5,0.25,0.9466321718036196
2.0,0.5,0.25,0.012148087069747557
2.0,0.5,0.25,0.02521409756379119
2.0,0.5,0.25,0.026892705169383427
2.0,0.5,0.25,0.2217621997695104
2.0,0.5,0.25,0.07264360039229156
2.0,0.5,0.25,0.013030006000680662
2.0,0.5,0.25,0.03358468826020355
2.0,0.5,0.25,0.16808894776797947
2.0,0.5,0.25,0.19930910364702958
2.0,0.5,0.25,0.04663144269004256
2.0,0.5,0.25,0.1888426972837551
2.0,0.5,0.25,0.988258279201386
3.0,0.5,0.25,0.01872136675353773
3.0,0.5,0.25,0.0076532264487896495
3.0,0.5,0.25,0.040141002187752475
3.0,0.5,0.25,0.017987875265708893
3.0,0.5,0.25,0.0177126324482254
3.0,0.5,0.25,0.006027597063317481
3.0,0.5,0.25,0.011488357563738663
3.0,0.5,0.25,0.009194795584465655
3.0,0.5,0.25,0.008541779200066895
3.0,0.5,0.25,0.06156097689460479
3.0,0.5,0.25,0.0054645312836504875
3.0,0.5,0.25,0.01934958468588082
3.0,0.5,0.25,0.0411206332402176
3.0,0.5,0.25,0.021825932711779034
3.0,0.5,0.25,0.026115478947931228
3.0,0.5,0.25,0.024669940034641315
3.0,0.5,0.25,0.020315054882394344
3.0,0.5,0.25,0.011725528424008584
3.0,0.5,0.25,0.009005352142257726
3.0,0.5,0.25,0.05564333500486874
3.0,0.5,0.25,0.00511224531565621
3.0,0.5,0.25,0.00871730190482091
3.0,0.5,0.25,0.008303151778056423
3.0,0.5,0.25,0.01649634112667822
3.0,0.5,0.25,0.09315913834552712
0.5,1.0,0.25,0.0559561416242469
0.5,1.0,0.25,0.210878807747194
0.5,1.0,0.25,0.9686558481149252
0.5,1.0,0.25,0.055856047297852894
0.5,1.0,0.25,0.04780356900074667
0.5,1.0,0.25,0.023922448428498458
0.5,1.0,0.25,0.036406442544863055
0.5,1.0,0.25,0.2900327997075782
0.5,1.0,0.25,0.41477924104916286
0.5,1.0,0.25,0.021152011444169373
0.5,1.0,0.25,0.04793431955779828
0.5,1.0,0.25,0.10073355364757355
0.5,1.0,0.25,0.5035099254540626
0.5,1.0,0.25,0.051335449232936516
0.5,1.0,0.25,0.32066673270627927
0.5,1.0,0.25,0.06134320003610587
0.5,1.0,0.25,0.020455275853660675
0.5,1.0,0.25,0.02255766737743607
0.5,1.0,0.25,0.036423199848080574
0.5,1.0,0.25,0.024497210731177606
0.5,1.0,0.25,0.022905384728391914
0.5,1.0,0.25,0.4218482723848931
0.5,1.0,0.25,0.13147225011168998
0.5,1.0,0.25,0.35585569373965686
0.5,1.0,0.25,0.11494878183895613
1.0,1.0,0.25,0.007873766311632627
1.0,1.0,0.25,0.016413561493789842
1.0,1.0,0.25,0.008035952639448327
1.0,1.0,0.25,0.021347509725031046
1.0,1.0,0.25,0.027424454447924813
1.0,1.0,0.25,0.008107071328364922
1.0,1.0,0.25,0.03275805939429187
1.0,1.0,0.25,0.02041376759714869
1.0,1.0,0.25,0.025775973859743402
1.0,1.0,0.25,0.021085060665961324
1.0,1.0,0.25,0.030266700125376533
1.0,1.0,0.25,0.010590911867087176
1.0,1.0,0.25,0.011843285587852552
1.0,1.0,0.25,0.030397767563571456
1.0,1.0,0.25,0.02072444560210805
1.0,1.0,0.25,0.018808122579455328
1.0,1.0,0.25,0.030158097765569138
1.0,1.0,0.25,0.006199216818543254
1.0,1.0,0.25,0.01534364315062392
1.0,1.0,0.25,0.027107415753392473
1.0,1.0,0.25,0.021618809602351886
1.0,1.0,0.25,0.01698040744395907
1.0,1.0,0.25,0.031202309929680497
1.0,1.0,0.25,0.008593216301294452
1.0,1.0,0.25,0.01968371491808641
2.0,1.0,0.25,0.08020206128572818
2.0,1.0,0.25,0.08712915349257791
2.0,1.0,0.25,0.5280121108559689
2.0,1.0,0.25,0.9995240394284909
2.0,1.0,0.25,0.05671469197982002
2.0,1.0,0.25,0.3442383599517467
2.0,1.0,0.25,0.07132604753590009
2.0,1.0,0.25,0.9989096174815635
2.0,1.0,0.25,0.8353251258744252
2.0,1.0,0.25,0.3476736226398457
2.0,1.0,0.25,0.08466116926426719
2.0,1.0,0.25,0.45941524347397683
2.0,1.0,0.25,0.16778725528537583
2.0,1.0,0.25,0.16545390663512136
2.0,1.0,0.25,0.10736399836891652
2.0,1.0,0.25,0.05603358391288529
2.0,1.0,0.25,0.05593540845573985
2.0,1.0,0.25,0.5700159232983747
2.0,1.0,0.25,0.13251854018871448
2.0,1.0,0.25,0.09074199921918852
2.0,1.0,0.25,0.06874477404157125
2.0,1.0,0.25,0.08676607084136917
2.0,1.0,0.25,0.8463764130322433
2.0,1.0,0.25,0.773249828449863
2.0,1.0,0.25,0.08638145034333833
3.0,1.0,0.25,0.9997232060902558
3.0,1.0,0.25,0.9796348799988185
3.0,1.0,0.25,0.9999957373617882
3.0,1.0,0.25,0.9999373961615944
3.0,1.0,0.25,0.9990877738677186
3.0,1.0,0.25,0.1371295895650153
3.0,1.0,0.25,0.9999880100854515
3.0,1.0,0.25,0.9997601322988574
3.0,1.0,0.25,0.9992216257600444
3.0,1.0,0.25,0.9997604906202638
3.0,1.0,0.25,0.9999990960517164
3.0,1.0,0.25,0.9999841196499826
3.0,1.0,0.25,0.9975617949174439
3.0,1.0,0.25,0.9993320327754366
3.0,1.0,0.25,0.9999139735570584
3.0,1.0,0.25,0.9999074849672352
3.0,1.0,0.25,0.9999428948098209
3.0,1.0,0.25,0.49609138266742586
3.0,1.0,0.25,0.24918605552995815
3.0,1.0,0.25,0.9985509530318897
3.0,1.0,0.25,0.9999987388520295
3.0,1.0,0.25,0.9999894983434869
3.0,1.0,0.25,0.9982001168223388
3.0,1.0,0.25,0.9939198294097693
3.0,1.0,0.25,0.999986240004667
0.5,2.0,0.25,0.047756962411450506
0.5,2.0,0.25,0.12476516261723744
0.5,2.0,0.25,0.014587038681200008
0.5,2.0,0.25,0.02528096848686142
0.5,2.0,0.25,0.0031396226818932453
0.5,2.0,0.25,0.03458285091777814
0.5,2.0,0.25,0.266472306355247
0.5,2.0,0.25,0.0470073345543569
0.5,2.0,0.25,0.006006567318309487
0.5,2.0,0.25,0.01704027380207992
0.5,2.0,0.25,0.014330769975314794
0.5,2.0,0.25,0.10053050400472004
0.5,2.0,0.25,0.029218811005923436
0.5,2.0,0.25,0.007520177009947678
0.5,2.0,0.25,0.018087968821453214
0.5,2.0,0.25,0.16381832989461226
0.5,2.0,0.25,0.07072309443317516
0.5,2.0,0.25,0.06678399234830111
0.5,2.0,0.25,0.009655069462952724
0.5,2.0,0.25,0.03170501033462509
0.5,2.0,0.25,0.18463636393534005
0.5,2.0,0.25,0.03730092019879528
0.5,2.0,0.25,0.048065091347712516
0.5,2.0,0.25,0.08152551838428884
0.5,2.0,0.25,0.08072044571142001
1.0,2.0,0.25,0.0053555319463427144
1.0,2.0,0.25,0.00587808604803646
1.0,2.0,0.25,0.005180795348707335
1.0,2.0,0.25,0.012353217976597686
1.0,2.0,0.25,0.01807617575299944
1.0,2.0,0.25,0.007310262033043945
1.0,2.0,0.25,0.012279155207633547
1.0,2.0,0.25,0.025945150974055458
1.0,2.0,0.25,0.021903421891749465
1.0,2.0,0.25,0.015231983137371495
1.0,2.0,0.25,0.00480208544422477
1.0,2.0,0.25,0.01589848822546931
1.0,2.0,0.25,0.009861985827415397
1.0,2.0,0.25,0.012693710523166146
1.0,2.0,0.25,0.01156083438716624
1.0,2.0,0.25,0.02140660242622994
1.0,2.0,0.25,0.01194386161665475
1.0,2.0,0.25,0.01104657041209089
1.0,2.0,0.25,0.014695868527754983
1.0,2.0,0.25,0.00641273431569845
1.0,2.0,0.25,0.014899504591321038
1.0,2.0,0.25,0.014069108124026335
1.0,2.0,0.25,0.012598440053138305
1.0,2.0,0.25,0.010299779504093477
1.0,2.0,0.25,0.01412957903253998
2.0,2.0,0.25,0.9999968667436645
2.0,2.0,0.25,0.9999853945560646
2.0,2.0,0.25,0.9911954766726828
2.0,2.0,0.25,0.017155709075836745
2.0,2.0,0.25,0.9999959529978669
2.0,2.0,0.25,0.9997793887413229
2.0,2.0,0.25,0.04875637178224966
2.0,2.0,0.25,0.9998542655051953
2.0,2.0,0.25,0.16574710944262305
2.0,2.0,0.25,0.9998613760078581
2.0,2.0,0.25,0.9999923889754669
2.0,2.0,0.25,0.9999129953622751
2.0,2.0,0.25,0.999810608479624
2.0,2.0,0.25,0.9999999882148536
2.0,2.0,0.25,0.06860856926341383
2.0,2.0,0.25,0.11956053779990763
2.0,2.0,0.25,0.9999035679967213
2.0,2.0,0.25,0.9998202680258832
2.0,2.0,0.25,0.9999990797269899
2.0,2.0,0.25,0.9999170205272087
2.0,2.0,0.25,0.052738780508954274
2.0,2.0,0.25,0.9999693230608713
2.0,2.0,0.25,0.7840894229837362
2.0,2.0,0.25,0.03682903849795015
2.0,2.0,0.25,0.9997061822981334
3.0,2.0,0.25,0.06704649458406009
3.0,2.0,0.25,0.06622532870290387
3.0,2.0,0.25,0.06636829456750167
3.0,2.0,0.25,0.0726842110841432
3.0,2.0,0.25,0.230884099806155
3.0,2.0,0.25,0.03833717074765352
3.0,2.0,0.25,0.09946928378922083
3.0,2.0,0.25,0.11952953815992495
3.0,2.0,0.25,0.04434625041096691
3.0,2.0,0.25,0.16566361516149605
3.0,2.0,0.25,0.06276599687290275
3.0,2.0,0.25,0.4227351349047263
3.0,2.0,0.25,0.06337517785447883
3.0,2.0,0.25,0.01875321547247219
3.0,2.0,0.25,0.15406333819469845
3.0,2.0,0.25,0.18042345706105
3.0,2.0,0.25,0.022687787642381715
3.0,2.0,0.25,0.04110395967098482
3.0,2.0,0.25,0.994120389253338
3.0,2.0,0.25,0.03604735737125952
3.0,2.0,0.25,0.27790199210333355
3.0,2.0,0.25,0.6037236529715685
3.0,2.0,0.25,0.03250003104553218
3.0,2.0,0.25,0.03590901373481438
3.0,2.0,0.25,0.011710264457644986
0.5,3.0,0.25,0.01685308049616516
0.5,3.0,0.25,0.05834518299810893
0.5,3.0,0.25,0.11209697497585597
0.5,3.0,0.25,0.04764568809411653
0.5,3.0,0.25,0.018174617192693168
0.5,3.0,0.25,0.0035133991773836936
0.5,3.0,0.25,0.10236124005735575
0.5,3.0,0.25,0.02591481800012394
0.5,3.0,0.25,0.052707381628434226
0.5,3.0,0.25,0.08158090846773015
0.5,3.0,0.25,0.037346505936961254
0.5,3.0,0.25,0.009859321072232592
0.5,3.0,0.25,0.01743492764552948
0.5,3.0,0.25,0.03823151305325634
0.5,3.0,0.25,0.02841531599224601
0.5,3.0,0.25,0.15120925949709213
0.5,3.0,0.25,0.008367903488127547
0.5,3.0,0.25,0.03382141308221096
0.5,3.0,0.25,0.013985246374219848
0.5,3.0,0.25,0.02554351808795014
0.5,3.0,0.25,0.08129780518909757
0.5,3.0,0.25,0.08496510963623888
0.5,3.0,0.25,0.014709240801581324
0.5,3.0,0.25,0.01371238069005516
0.5,3.0,0.25,0.013069310408810502
1.0,3.0,0.25,0.011112749374822796
1.0,3.0,0.25,0.007382612243024774
1.0,3.0,0.25,0.02465325289598759
1.0,3.0,0.25,0.04987290259177823
1.0,3.0,0.25,0.02426592048028837
1.0,3.0,0.25,0.0698194210970498
1.0,3.0,0.25,0.052736374239870265
1.0,3.0,0.25,0.021778449163083226
1.0,3.0,0.25,0.006869503977464121
1.0,3.0,0.25,0.0055048763460786515
1.0,3.0,0.25,0.030413182023459648
1.0,3.0,0.25,0.02610283989566569
1.0,3.0,0.25,0.016713557850057795
1.0,3.0,0.25,0.04535972678754423
1.0,3.0,0.25,0.019585696471288085
1.0,3.0,0.25,0.012498377764005609
1.0,3.0,0.25,0.01495278621480978
1.0,3.0,0.25,0.013747857702642289
1.0,3.0,0.25,0.015149753981790491
1.0,3.0,0.25,0.042951493747914835
1.0,3.0,0.25,0.010981944238253489
1.0,3.0,0.25,0.02130673991853201
1.0,3.0,0.25,0.029826686293385498
1.0,3.0,0.25,0.0257281947515551
1.0,3.0,0.25,0.03392658906808083
2.0,3.0,0.25,0.015952573445004333
2.0,3.0,0.25,0.016196938506895464
2.0,3.0,0.25,0.010191897885530574
2.0,3.0,0.25,0.004368154929923432
2.0,3.0,0.25,0.01780244443398716
2.0,3.0,0.25,0.010346856729902362
2.0,3.0,0.25,0.011143466944339066
2.0,3.0,0.25,0.021155170566339313
2.0,3.0,0.25,0.024301322591348845
2.0,3.0,0.25,0.012722428524203879
2.0,3.0,0.25,0.01354438924044506
2.0,3.0,0.25,0.013026266478665942
2.0,3.0,0.25,0.009200534715628605
2.0,3.0,0.25,0.00676215633013725
2.0,3.0,0.25,0.01800437083096799
2.0,3.0,0.25,0.018245299825175164
2.0,3.0,0.25,0.01726687156378878
2.0,3.0,0.25,0.012582799678500206
2.0,3.0,0.25,0.018823362009353355
2.0,3.0,0.25,0.011146302985683318
2.0,3.0,0.25,0.004662900312629927
2.0,3.0,0.25,0.01228925701079626
2.0,3.0,0.25,0.020799412653345083
2.0,3.0,0.25,0.02208206272226426
2.0,3.0,0.25,0.01723296428663081
3.0,3.0,0.25,0.04066407925295245
3.0,3.0,0.25,0.037348470559828414
3.0,3.0,0.25,0.07247030596638449
3.0,3.0,0.25,0.011786879649845887
3.0,3.0,0.25,0.07123073981215308
3.0,3.0,0.25,0.03933258292998337
3.0,3.0,0.25,0.18160256672903596
3.0,3.0,0.25,0.030663600271551582
3.0,3.0,0.25,0.025298103293762253
3.0,3.0,0.25,0.016222553849878547
3.0,3.0,0.25,0.0242054917336166
3.0,3.0,0.25,0.17815247489352787
3.0,3.0,0.25,0.10154566911017895
3.0,3.0,0.25,0.023451028539097574
3.0,3.0,0.25,0.0561688052468634
3.0,3.0,0.25,0.06264801244163984
3.0,3.0,0.25,0.03281564912078265
3.0,3.0,0.25,0.014891789382497649
3.0,3.0,0.25,0.019507376332798646
3.0,3.0,0.25,0.020829414389154813
3.0,3.0,0.25,0.04317295156731941
3.0,3.0,0.25,0.01888506931901062
3.0,3.0,0.25,0.018811743516503502
3.0,3.0,0.25,0.317271023273241
3.0,3.0,0.25,0.013040143886211998
0.5,0.5,0.75,0.007097560988882212
0.5,0.5,0.75,0.011524541316818406
0.5,0.5,0.75,0.019029684601323368
0.5,0.5,0.75,0.012242583526787617
0.5,0.5,0.75,0.011065822796768753
0.5,0.5,0.75,0.006894625960154824
0.5,0.5,0.75,0.009400434013373196
0.5,0.5,0.75,0.017332175120813694
0.5,0.5,0.75,0.008870803979674132
0.5,0.5,0.75,0.011038882130664344
0.5,0.5,0.75,0.013196747207408505
0.5,0.5,0.75,0.014819953005578082
0.5,0.5,0.75,0.01298161648862876
0.5,0.5,0.75,0.012975396789328707
0.5,0.5,0.75,0.009367907709755189
0.5,0.5,0.75,0.010116962639942769
0.5,0.5,0.75,0.008601299531717175
0.5,0.5,0.75,0.01576017495547333
0.5,0.5,0.75,0.0032465251409505218
0.5,0.5,0.75,0.007948129329105894
0.5,0.5,0.75,0.012276223225044902
0.5,0.5,0.75,0.014151597154438686
0.5,0.5,0.75,0.006142332720889199
0.5,0.5,0.75,0.010339263887736462
0.5,0.5,0.75,0.006660062683040854
1.0,0.5,0.75,0.004822732427248407
1.0,0.5,0.75,0.02908534715123567
1.0,0.5,0.75,0.009501714824179094
1.0,0.5,0.75,0.013875680415286674
1.0,0.5,0.75,0.03211825169704865
1.0,0.5,0.75,0.003337518166051161
1.0,0.5,0.75,0.008299208203627981
1.0,0.5,0.75,0.017303204364745355
1.0,0.5,0.75,0.020451412577435747
1.0,0.5,0.75,0.014994054767258728
1.0,0.5,0.75,0.00842836222736818
1.0,0.5,0.75,0.03783361328083109
1.0,0.5,0.75,0.02046134024727686
1.0,0.5,0.75,0.03901955020770507
1.0,0.5,0.75,0.021164424354128575
1.0,0.5,0.75,0.02601308102723943
1.0,0.5,0.75,0.02987430569509896
1.0,0.5,0.75,0.01837560308386883
1.0,0.5,0.75,0.011277461613531894
1.0,0.5,0.75,0.014975165606832045
1.0,0.5,0.75,0.005430405244431967
1.0,0.5,0.75,0.00311787290576066
1.0,0.5,0.75,0.007247895569325965
1.0,0.5,0.75,0.022846732906535282
1.0,0.5,0.75,0.02905831813134498
2.0,0.5,0.75,0.019396838603345377
2.0,0.5,0.75,0.017798545872619972
2.0,0.5,0.75,0.015582015846639864
2.0,0.5,0.75,0.014186091849653713
2.0,0.5,0.75,0.010228612946529445
2.0,0.5,0.75,0.020760033929319757
2.0,0.5,0.75,0.011745028026482444
2.0,0.5,0.75,0.013385843681072575
2.0,0.5,0.75,0.018747855000309552
2.0,0.5,0.75,0.026277811188140324
2.0,0.5,0.75,0.004061254673039485
2.0,0.5,0.75,0.004298294971581623
2.0,0.5,0.75,0.022283499272745585
2.0,0.5,0.75,0.019849744866742847
2.0,0.5,0.75,0.017842181023306546
2.0,0.5,0.75,0.016140767948047245
2.0,0.5,0.75,0.013050222667569913
2.0,0.5,0.75,0.002641763716277689
2.0,0.5,0.75,0.015547328133623861
2.0,0.5,0.75,0.008960015940903635
2.0,0.5,0.75,0.007277267803105311
2.0,0.5,0.75,0.014333712148872343
2.0,0.5,0.75,0.02931029826049295
2.0,0.5,0.75,0.015307227746870747
2.0,0.5,0.75,0.012592825186409872
3.0,0.5,0.75,0.9999947534556595
3.0,0.5,0.75,0.10140159694293958
3.0,0.5,0.75,0.9999106999892481
3.0,0.5,0.75,0.8544597659766986
3.0,0.5,0.75,0.3283294981840199
3.0,0.5,0.75,0.40121998785016333
3.0,0.5,0.75,0.7666909580135466
3.0,0.5,0.75,0.24174982844450676
3.0,0.5,0.75,0.7732282074385987
3.0,0.5,0.75,0.1675145833026061
3.0,0.5,0.75,0.01764195570066268
3.0,0.5,0.75,0.23392043471879678
3.0,0.5,0.75,0.9485726093404578
3.0,0.5,0.75,0.9943539294045579
3.0,0.5,0.75,0.05777199753593629
3.0,0.5,0.75,0.4153050309623916
3.0,0.5,0.75,0.28855623531840535
3.0,0.5,0.75,0.19183309239032853
3.0,0.5,0.75,0.8816662593459447
3.0,0.5,0.75,0.40186307029338697
3.0,0.5,0.75,0.10968922330149117
3.0,0.5,0.75,0.28957654396236004
3.0,0.5,0.75,0.42743548980587515
3.0,0.5,0.75,0.6320593538050451
3.0,0.5,0.75,0.06973988902418148
0.5,1.0,0.75,0.026250893090676526
0.5,1.0,0.75,0.05674259686591765
0.5,1.0,0.75,0.5698217096642837
0.5,1.0,0.75,0.18084121056746466
0.5,1.0,0.75,0.08604267039956617
0.5,1.0,0.75,0.06401900511118777
0.5,1.0,0.75,0.08026969624755612
0.5,1.0,0.75,0.09874223985491092
0.5,1.0,0.75,0.09080400527754912
0.5,1.0,0.75,0.04286540803061854
0.5,1.0,0.75,0.11963953359758624
0.5,1.0,0.75,0.019058742830615927
0.5,1.0,0.75,0.2556775939327065
0.5,1.0,0.75,0.05753893790715348
0.5,1.0,0.75,0.9985836973748569
0.5,1.0,0.75,0.167585168576046
0.5,1.0,0.75,0.1553472809252458
0.5,1.0,0.75,0.08518621002684536
0.5,1.0,0.75,0.17724905793942702
0.5,1.0,0.75,0.9992815703532686
0.5,1.0,0.75,0.007411199415044057
0.5,1.0,0.75,0.174240993282518
0.5,1.0,0.75,0.17066256747971448
0.5,1.0,0.75,0.12201438240053422
0.5,1.0,0.75,0.014101954342439426
1.0,1.0,0.75,0.016655305169794
1.0,1.0,0.75,0.013940829483520618
1.0,1.0,0.75,0.009779555865399414
1.0,1.0,0.75,0.006693009061776743
1.0,1.0,0.75,0.018339728727264408
1.0,1.0,0.75,0.009181756173058638
1.0,1.0,0.75,0.007497541309059405
1.0,1.0,0.75,0.010202398970499902
1.0,1.0,0.75,0.009534151882714904
1.0,1.0,0.75,0.017417163256149015
1.0,1.0,0.75,0.02281435689858203
1.0,1.0,0.75,0.01053086025393165
1.0,1.0,0.75,0.012458068629004544
1.0,1.0,0.75,0.01545996684378795
1.0,1.0,0.75,0.004117090096493004
1.0,1.0,0.75,0.003473557574561543
1.0,1.0,0.75,0.01520221623088002
1.0,1.0,0.75,0.0030474860583081295
1.0,1.0,0.75,0.004003199069982869
1.0,1.0,0.75,0.011424053956203533
1.0,1.0,0.75,0.00810577534704219
1.0,1.0,0.75,0.02185636720588878
1.0,1.0,0.75,0.0027585597246268952
1.0,1.0,0.75,0.016257084105493917
1.0,1.0,0.75,0.012362075411636296
2.0,1.0,0.75,0.01279671053477326
2.0,1.0,0.75,0.010314406314399551
2.0,1.0,0.75,0.011360576004791925
2.0,1.0,0.75,0.031298066824005176
2.0,1.0,0.75,0.030039696900858483
2.0,1.0,0.75,0.014992720923580578
2.0,1.0,0.75,0.017509555662299277
2.0,1.0,0.75,0.021697811933145305
2.0,1.0,0.75,0.013397463290537467
2.0,1.0,0.75,0.007201256957643598
2.0,1.0,0.75,0.005119959527655988
2.0,1.0,0.75,0.009684297134004557
2.0,1.0,0.75,0.012729399222033122
2.0,1.0,0.75,0.01130437001670521
2.0,1.0,0.75,0.0029782085598107698
2.0,1.0,0.75,0.006823760906588186
2.0,1.0,0.75,0.008119629111642828
2.0,1.0,0.75,0.01676501210063628
2.0,1.0,0.75,0.013115675667962155
2.0,1.0,0.75,0.011617357082839789
2.0,1.0,0.75,0.00912883885319055
2.0,1.0,0.75,0.008296479125461258
2.0,1.0,0.75,0.011891902585771393
2.0,1.0,0.75,0.014044666183981234
2.0,1.0,0.75,0.010777748756553553
3.0,1.0,0.75,0.052543555016216166
3.0,1.0,0.75,0.013862800669442916
3.0,1.0,0.75,0.08519113996661251
3.0,1.0,0.75,0.02880751811865212
3.0,1.0,0.75,0.030899600163740736
3.0,1.0,0.75,0.014663637484432479
3.0,1.0,0.75,0.0458528825152967
3.0,1.0,0.75,0.004445584590941618
3.0,1.0,0.75,0.013874548109112865
3.0,1.0,0.75,0.023005539208183143
3.0,1.0,0.75,0.041904982841536466
3.0,1.0,0.75,0.058331590057706835
3.0,1.0,0.75,0.03921826848009983
3.0,1.0,0.75,0.004568094692555978
3.0,1.0,0.75,0.02978783672856194
3.0,1.0,0.75,0.011604502309604973
3.0,1.0,0.75,0.02749284314689818
3.0,1.0,0.75,0.01274773608840114
3.0,1.0,0.75,0.06633843363400616
3.0,1.0,0.75,0.07021394938200484
3.0,1.0,0.75,0.027254414643796177
3.0,1.0,0.75,0.039858654994253825
3.0,1.0,0.75,0.0030036458730281356
3.0,1.0,0.75,0.016423206422703163
3.0,1.0,0.75,0.03304210298694517
0.5,2.0,0.75,0.009473635371822461
0.5,2.0,0.75,0.010785165624771624
0.5,2.0,0.75,0.06616224906790859
0.5,2.0,0.75,0.012420469970699673
0.5,2.0,0.75,0.03635872752211265
0.5,2.0,0.75,0.01739588649055487
0.5,2.0,0.75,0.013174890313038767
0.5,2.0,0.75,0.08471162263128554
0.5,2.0,0.75,0.011006080413464745
0.5,2.0,0.75,0.18609359020421629
0.5,2.0,0.75,0.059032255040286606
0.5,2.0,0.75,0.005255106343391939
0.5,2.0,0.75,0.02640264471582566
0.5,2.0,0.75,0.022980181982277186
0.5,2.0,0.75,0.011699434627941378
0.5,2.0,0.75,0.014943116304975303
0.5,2.0,0.75,0.01827384722011566
0.5,2.0,0.75,0.020038651155214766
0.5,2.0,0.75,0.044856752451437165
0.5,2.0,0.75,0.012102516385242677
0.5,2.0,0.75,0.01582167098681462
0.5,2.0,0.75,0.021273654685505447
0.5,2.0,0.75,0.01654890329308548
0.5,2.0,0.75,0.006129503490012309
0.5,2.0,0.75,0.04495093707751421
1.0,2.0,0.75,0.017219440037928888
1.0,2.0,0.75,0.01905474767385006
1.0,2.0,0.75,0.02277238557713599
1.0,2.0,0.75,0.013291570819762427
1.0,2.0,0.75,0.022483014162303503
1.0,2.0,0.75,0.010708968767426358
1.0,2.0,0.75,0.017821537398928125
1.0,2.0,0.75,0.016598735356807365
1.0,2.0,0.75,0.0511295684202452
1.0,2.0,0.75,0.016083330341939456
1.0,2.0,0.75,0.019233336374423166
1.0,2.0,0.75,0.031665165398912405
1.0,2.0,0.75,0.0280918259865739
1.0,2.0,0.75,0.03983526901518921
1.0,2.0,0.75,0.052313936800998315
1.0,2.0,0.75,0.0035563578651006574
1.0,2.0,0.75,0.019257615847783165
1.0,2.0,0.75,0.0104688233888025
1.0,2.0,0.75,0.019023939643047074
1.0,2.0,0.75,0.035876021558919224
1.0,2.0,0.75,0.014898133304456584
1.0,2.0,0.75,0.026804913442984135
1.0,2.0,0.75,0.04822536561084176
1.0,2.0,0.75,0.03426212233475862
1.0,2.0,0.75,0.01150307753477238
2.0,2.0,0.75,0.011432085742519315
2.0,2.0,0.75,0.020332750032250123
2.0,2.0,0.75,0.01547123662572808
2.0,2.0,0.75,0.005685730075260636
2.0,2.0,0.75,0.008261663694092099
2.0,2.0,0.75,0.00581593144468461
2.0,2.0,0.75,0.020325366002832714
2.0,2.0,0.75,0.021003882795302586
2.0,2.0,0.75,0.007837554000692816
2.0,2.0,0.75,0.029223691378728996
2.0,2.0,0.75,0.005872573461523595
2.0,2.0,0.75,0.003951829388927084
2.0,2.0,0.75,0.0072875844488443555
2.0,2.0,0.75,0.0021766032669780625
2.0,2.0,0.75,0.006762457379552505
2.0,2.0,0.75,0.009829438575953286
2.0,2.0,0.75,0.011435796513244752
2.0,2.0,0.75,0.016588300254106146
2.0,2.0,0.75,0.02497056191676357
2.0,2.0,0.75,0.009179687646288777
2.0,2.0,0.75,0.010739597719434725
2.0,2.0,0.75,0.01635481121659407
2.0,2.0,0.75,0.0080227580168956
2.0,2.0,0.75,0.007995008270107306
2.0,2.0,0.75,0.01008320186646908
3.0,2.0,0.75,0.056453455205945115
3.0,2.0,0.75,0.02098714421812975
3.0,2.0,0.75,0.05718829110980175
3.0,2.0,0.75,0.0750374087746759
3.0,2.0,0.75,0.003595118900319466
3.0,2.0,0.75,0.018243380273319308
3.0,2.0,0.75,0.007082777052681629
3.0,2.0,0.75,0.23779833256412583
3.0,2.0,0.75,0.28388789192399144
3.0,2.0,0.75,0.007436098723555272
3.0,2.0,0.75,0.11541213228788177
3.0,2.0,0.75,0.05647349692368653
3.0,2.0,0.75,0.2522530988201603
3.0,2.0,0.75,0.012184867826888029
3.0,2.0,0.75,0.03785992515520619
3.0,2.0,0.75,0.011770213847924703
3.0,2.0,0.75,0.1331829748815918
3.0,2.0,0.75,0.011093773469127407
3.0,2.0,0.75,0.014584552676851055
3.0,2.0,0.75,0.007294181411274052
3.0,2.0,0.75,0.028506448168127047
3.0,2.0,0.75,0.1338079821161139
3.0,2.0,0.75,0.048287575543916585
3.0,2.0,0.75,0.20845235285514502
3.0,2.0,0.75,0.0242696456813582
0.5,3.0,0.75,0.19013699035873233
0.5,3.0,0.75,0.08592131139506595
0.5,3.0,0.75,0.9995619676207876
0.5,3.0,0.75,0.4748751248666633
0.5,3.0,0.75,0.9997856115089442
0.5,3.0,0.75,0.9999171163601547
0.5,3.0,0.75,0.9999949546578757
0.5,3.0,0.75,0.9989657842044513
0.5,3.0,0.75,0.9829903919420614
0.5,3.0,0.75,0.9999802096199529
0.5,3.0,0.75,0.9997809254018485
0.5,3.0,0.75,0.6258015188854273
0.5,3.0,0.75,0.9998735009067856
0.5,3.0,0.75,0.9984204868389807
0.5,3.0,0.75,0.38330304018379346
0.5,3.0,0.75,0.9993386292605444
0.5,3.0,0.75,0.9996284289063925
0.5,3.0,0.75,0.3390612857740942
0.5,3.0,0.75,0.9989000238649358
0.5,3.0,0.75,0.7703187074326885
0.5,3.0,0.75,0.9999315616759705
0.5,3.0,0.75,0.9926548551365835
0.5,3.0,0.75,0.5803700378310851
0.5,3.0,0.75,0.5125886895243322
0.5,3.0,0.75,0.6306383355282335
1.0,3.0,0.75,0.31463899609234114
1.0,3.0,0.75,0.020558179184240324
1.0,3.0,0.75,0.27105964315798586
1.0,3.0,0.75,0.06360622686311822
1.0,3.0,0.75,0.41156915859716986
1.0,3.0,0.75,0.9994100499045665
1.0,3.0,0.75,0.24920545908305472
1.0,3.0,0.75,0.7822646723823781
1.0,3.0,0.75,0.05602091771502575
1.0,3.0,0.75,0.16459160658538013
1.0,3.0,0.75,0.01871613903768304
1.0,3.0,0.75,0.012297597548088504
1.0,3.0,0.75,0.9994557662453246
1.0,3.0,0.75,0.04445711196117103
1.0,3.0,0.75,0.09060757412581957
1.0,3.0,0.75,0.07464601012068417
1.0,3.0,0.75,0.09367109233601381
1.0,3.0,0.75,0.011761369205283393
1.0,3.0,0.75,0.9997283705936996
1.0,3.0,0.75,0.012820834540666584
1.0,3.0,0.75,0.09399500570404665
1.0,3.0,0.75,0.9999580052207264
1.0,3.0,0.75,0.25933910434813784
1.0,3.0,0.75,0.3764213636682227
1.0,3.0,0.75,0.023134015832043896
2.0,3.0,0.75,0.013340105088341367
2.0,3.0,0.75,0.10030293797158302
2.0,3.0,0.75,0.008106578256917334
2.0,3.0,0.75,0.01562741020751434
2.0,3.0,0.75,0.01636609267543715
2.0,3.0,0.75,0.02123086994007676
2.0,3.0,0.75,0.05380893611004352
2.0,3.0,0.75,0.008029884553485965
2.0,3.0,0.75,0.016153840706282733
2.0,3.0,0.75,0.012863762150213684
2.0,3.0,0.75,0.0053927681343378985
2.0,3.0,0.75,0.016905348313538564
2.0,3.0,0.75,0.03669781424373206
2.0,3.0,0.75,0.03166069359074984
2.0,3.0,0.75,0.011620274669036762
2.0,3.0,0.75,0.0851707714067534
2.0,3.0,0.75,0.004900297072272974
2.0,3.0,0.75,0.007718299621786268
2.0,3.0,0.75,0.01578699789051305
2.0,3.0,0.75,0.01465278581718456
2.0,3.0,0.75,0.019081247390305683
2.0,3.0,0.75,0.006627345530040997
2.0,3.0,0.75,0.05510418685402543
2.0,3.0,0.75,0.009505337569823889
2.0,3.0,0.75,0.003043213459495055
3.0,3.0,0.75,0.02185304018383115
3.0,3.0,0.75,0.024254836374692057
3.0,3.0,0.75,0.023852695512715263
3.0,3.0,0.75,0.024942207812421093
3.0,3.0,0.75,0.9996246391456339
3.0,3.0,0.75,0.9984312761963717
3.0,3.0,0.75,0.9950443414139932
3.0,3.0,0.75,0.19335875246332895
3.0,3.0,0.75,0.014496629504434881
3.0,3.0,0.75,0.9999992957394623
3.0,3.0,0.75,0.008645580156931261
3.0,3.0,0.75,0.04537456669316495
3.0,3.0,0.75,0.5308697382995513
3.0,3.0,0.75,0.030406076117580286
3.0,3.0,0.75,0.012163780796018521
3.0,3.0,0.75,0.999179532135736
3.0,3.0,0.75,0.009596634583069617
3.0,3.0,0.75,0.9714650953649376
3.0,3.0,0.75,0.9903943377679806
3.0,3.0,0.75,0.9999709485196991
3.0,3.0,0.75,0.29096935187544337
3.0,3.0,0.75,0.9966434612934842
3.0,3.0,0.75,0.9999919492560104
3.0,3.0,0.75,0.9999388146522218
3.0,3.0,0.75,0.9022113718560341
